,location_name,date,location_id,allbed_mean,ICUbed_mean,InvVen_mean,admis_mean,newICU_mean,bedover_mean,icuover_mean,deaths_mean,totdea_mean,mobility_composite,total_tests,confirmed_infections,est_infections_mean
29920,Germany,2020-02-04,81,0.0,0.0,0.0,0.0,0.0,0.0,0.0,0.0,0.0,,1098.08320699869,0.0,1.6506646287526598
29921,Germany,2020-02-05,81,0.0,0.0,0.0,0.0,0.0,0.0,0.0,0.0,0.0,,1246.0569135219,0.0,2.94662923772802
29922,Germany,2020-02-06,81,0.0,0.0,0.0,0.0,0.0,0.0,0.0,0.0,0.0,,1396.19462002607,0.9999999999999909,4.466703947335009
29923,Germany,2020-02-07,81,0.0,0.0,0.0,0.0,0.0,0.0,0.0,0.0,0.0,,1546.7589253596802,0.9999999999999929,6.293374705772459
29924,Germany,2020-02-08,81,0.0,0.0,0.0,0.0,0.0,0.0,0.0,0.0,0.0,9.8081636222292,1697.98191804991,0.0,8.66410616887754
29925,Germany,2020-02-09,81,0.0,0.0,0.0,0.0,0.0,0.0,0.0,0.0,0.0,9.35784198719009,1851.9502535777601,0.0,10.7310476452183
29926,Germany,2020-02-10,81,0.0,0.0,0.0,0.0,0.0,0.0,0.0,0.0,0.0,8.85748178938762,2012.71676722963,0.0,13.2674780242085
29927,Germany,2020-02-11,81,0.0,0.0,0.0,0.0,0.0,0.0,0.0,0.0,0.0,8.30152866501512,2186.2751453135998,0.0,16.365240284631
29928,Germany,2020-02-12,81,0.0,0.0,0.0,0.0,0.0,0.0,0.0,0.0,0.0,7.6838019986851505,2379.88356374344,2.00000000000001,20.1344918013797
29929,Germany,2020-02-13,81,0.0,0.0,0.0,0.0,0.0,0.0,0.0,0.0,0.0,6.99743969226317,2600.58804462179,0.0,24.7092223980183
29930,Germany,2020-02-14,81,0.0,0.0,0.0,0.0,0.0,0.0,0.0,0.0,0.0,6.2348146492572,2853.4375686748303,0.0,30.2549920692925
29931,Germany,2020-02-15,81,0.0,0.0,0.0,0.0,0.0,0.0,0.0,0.0,0.0,5.387454290798019,3140.3262733945003,0.0,36.979387273733295
29932,Germany,2020-02-16,81,0.0,0.0,0.0,0.0,0.0,0.0,0.0,0.0,0.0,4.4459509969830195,3460.35708163552,0.0,45.145528726156705
29933,Germany,2020-02-17,81,0.0,0.0,0.0,0.0,0.0,0.0,0.0,0.0,0.0,3.3998332227379704,3811.8350039240004,0.0,55.089653479113906
29934,Germany,2020-02-18,81,0.0,0.0,0.0,0.0,0.0,0.0,0.0,0.0,0.0,2.30718302935184,4194.805911073599,0.0,67.2437098211901
29935,Germany,2020-02-19,81,0.0,0.0,0.0,0.0,0.0,0.0,0.0,0.0,0.0,0.653523658042522,4612.3437405268,0.0,82.16473877992371
29936,Germany,2020-02-20,81,0.0,0.0,0.0,0.0,0.0,0.0,0.0,0.0,0.0,0.18592823167208605,5069.45037026877,0.0,100.572533596052
29937,Germany,2020-02-21,81,0.0,0.0,0.0,0.0,0.0,0.0,0.0,0.0,0.0,-0.7931040420009821,5570.07875455792,0.0,123.39738186102
29938,Germany,2020-02-22,81,0.0,0.0,0.0,0.0,0.0,0.0,0.0,0.0,0.0,-1.70524840227481,6114.10849793156,0.0,151.839355821358
29939,Germany,2020-02-23,81,0.0,0.0,0.0,0.0,0.0,0.0,0.0,0.0,0.0,-2.53434260761823,6696.13480545261,0.0,187.44126868030898
29940,Germany,2020-02-24,81,0.0,0.0,0.0,0.0,0.0,0.0,0.0,0.0,0.0,-3.2436930820501297,7306.73463070285,0.0,232.174543240089
29941,Germany,2020-02-25,81,0.0,0.0,0.0,0.0,0.0,0.0,0.0,0.0,0.0,-3.74650477928158,7935.35761405631,2.0,288.53785393737803
29942,Germany,2020-02-26,81,0.0,0.0,0.0,0.0,0.0,0.0,0.0,0.0,0.0,-4.17858123394153,8573.14951057323,3.0,359.662479238296
29943,Germany,2020-02-27,81,0.0,0.0,0.0,0.0,0.0,0.0,0.0,0.0,0.0,-4.01013371362607,9214.495915628879,5.0,449.417692675969
29944,Germany,2020-02-28,81,0.0,0.0,0.0,0.0,0.0,0.0,0.0,0.0,0.0,-3.51774575668546,9857.291820401078,27.0,562.502700533755
29945,Germany,2020-02-29,81,0.0,0.0,0.0,0.0,0.0,0.0,0.0,0.0,0.0,-2.81251887310088,10502.8775045621,13.0,704.506301613045
29946,Germany,2020-03-01,81,0.0,0.0,0.0,0.0,0.0,0.0,0.0,0.0,0.0,-2.0501763963055804,11156.4214114083,51.0,881.9135258440691
29947,Germany,2020-03-02,81,0.0,0.0,0.0,0.0,0.0,0.0,0.0,0.0,0.0,-1.13765438864236,11827.607339700002,33.0,1102.03065677384
29948,Germany,2020-03-03,81,0.0,0.0,0.0,0.0,0.0,0.0,0.0,0.0,0.0,-0.643561690489048,12530.5654176029,38.0,1372.79580700133
29949,Germany,2020-03-04,81,0.0,0.0,0.0,0.0,0.0,0.0,0.0,0.0,0.0,-0.323908089347777,13282.054047829499,75.9999999999999,1702.4665118147302
29950,Germany,2020-03-05,81,0.0,0.0,0.0,0.0,0.0,0.0,0.0,0.0,0.0,-0.129013073064125,14098.154469892099,138.0,2099.1841025201397
29951,Germany,2020-03-06,81,3.69422406204906,2.0,2.0,3.69422406204906,2.0,0.0,0.0,0.0,0.0,-0.0149352975101387,14991.6200795077,239.0,2570.42223592987
29952,Germany,2020-03-07,81,7.4184208874458895,4.0,4.0,3.72419682539683,2.0,0.0,0.0,0.0,0.0,-0.3741301597321379,15972.976092641698,155.0,3122.37736671201
29953,Germany,2020-03-08,81,11.281539058164102,6.0,6.0,3.86311817071817,2.0,0.0,0.0,0.0,0.0,-0.9180972753280009,17057.0602296449,107.0,3759.32066055317
29954,Germany,2020-03-09,81,16.9849166000666,9.03998743756244,9.00579322621823,5.703377541902539,3.03998743756244,0.0,0.0,2.0,2.0,-3.2111427164913193,18272.7632026949,237.0,4482.95880384326
29955,Germany,2020-03-10,81,22.585169874569896,12.0796726578977,12.011511971362,5.600253274503269,3.0396852203352203,0.0,0.0,0.0,2.0,-2.5459254161346903,19669.6107642358,156.0,5291.90434193339
29956,Germany,2020-03-11,81,30.1570657703408,16.123518989344,16.017332975358,7.571895895770901,4.04384633144633,0.0,0.0,1.0,3.0,-2.47654548386538,21314.373396416202,272.0,6181.353180943821
29957,Germany,2020-03-12,81,37.535267982018,19.189534609834602,19.0239704434454,9.37820221167721,5.06601562049062,0.0,0.0,2.0,5.0,-4.2540037984494194,23275.1584454256,802.0,7142.958426319829
29958,Germany,2020-03-13,81,45.000064116439106,23.248313480963503,23.030285256410302,11.1190327589078,6.058778871128871,0.0,0.0,0.0,5.0,-6.65430696644813,25596.849599088502,693.0,8164.954697192371
29959,Germany,2020-03-14,81,54.4207249417249,28.3267401820402,28.0395781246531,13.1051724303474,7.078426701076701,0.0,0.0,3.0,8.0,-9.92745926611433,28276.0138139695,729.000000000001,9232.52110915855
29960,Germany,2020-03-15,81,70.30163017815521,36.42633625541129,36.0519859224109,20.7001770757021,11.099596073371101,0.0,0.0,3.0,11.0,-14.056355125128698,31244.897564783798,1018.0,10328.3790135933
29961,Germany,2020-03-16,81,87.0683625957376,45.546217957043,45.066625696525705,22.4040943389943,12.119881701631698,0.0,0.0,0.0,11.0,-21.678268905952603,34372.1291316648,1173.0,11433.5299280137
29962,Germany,2020-03-17,81,114.25284187593901,59.698510531135504,59.085877278277295,33.725953683575604,18.152292574092602,0.0,0.0,1.0,12.0,-27.1938799927123,37483.2646627175,1171.0,12528.0300633536
29963,Germany,2020-03-18,81,147.146272389281,76.9170136224886,76.11669196359199,41.3868997080362,22.218503091353103,0.0,0.0,0.0,12.0,-33.156933852259606,40397.213773334304,1043.0,13591.792993593
29964,Germany,2020-03-19,81,189.499857875497,99.16384880119878,98.1509447052947,52.632191624521894,28.2468351787102,0.0,0.0,8.0,20.0,-38.946116568616,42968.3996588948,2797.0,14605.411290976
29965,Germany,2020-03-20,81,241.282868422938,126.51981746750799,125.19982380188999,63.782161604717906,34.3559686663096,0.0,0.0,11.0,31.0,-44.397685115685604,45119.9208836257,2957.0,15550.898063954899
29966,Germany,2020-03-21,81,301.795805578451,156.956999308943,155.253054272074,77.4658170117679,41.437181841434295,0.0,0.0,16.0,47.0,-48.84659642484671,46854.42226497571,2694.0,16412.3566819116
29967,Germany,2020-03-22,81,372.050500421968,194.508888288535,192.33152391709203,91.7363688278655,49.591876417154396,0.0,0.0,8.0,55.0,-52.7718707276579,48237.99104172151,1957.0,17176.4923862665
29968,Germany,2020-03-23,81,456.64743116908,237.204835132368,234.42705036439702,112.754189907397,60.7356320641691,0.0,0.0,31.0,86.0,-57.92555646646629,49366.361660253606,4065.0,17832.9659314045
29969,Germany,2020-03-24,81,553.956890954174,288.007740514353,284.539844106697,134.67944480236,72.84675171343099,0.0,0.0,28.0,114.0,-60.18332612248779,50330.7399651588,4750.0,18374.5508060442
29970,Germany,2020-03-25,81,658.959811705176,341.917275442789,337.66428718899397,151.951638617604,81.97555054892649,0.0,0.0,35.0,149.0,-61.218697728653495,51197.505491450094,4116.0,18797.0920878991
29971,Germany,2020-03-26,81,777.142919911564,403.12057477568396,397.823958009912,176.263410851318,95.2620782040242,0.0,0.0,49.0,198.0,-59.9357704393171,52004.7035801484,4940.0,19099.3576370937
29972,Germany,2020-03-27,81,905.544861998163,469.508897610336,463.017421739973,198.488156847483,107.465749535728,0.0,0.0,55.0,253.0,-59.2193924339101,52768.7724093483,5786.0,19282.7856623929
29973,Germany,2020-03-28,81,1043.3117642845698,541.059791064805,533.2211103025589,222.43081391619202,120.65048952783998,0.0,0.0,72.0,325.0,-56.4526762160855,53492.1815812921,6277.0,19351.169855211203
29974,Germany,2020-03-29,81,1190.68047795865,615.838076850974,606.45430588597,249.195547573505,134.899167487801,0.0,0.0,64.0,389.0,-55.4450453676365,54166.6779434734,3966.0,19310.3532579432
29975,Germany,2020-03-30,81,1342.02930794601,692.841255096499,681.722041378187,274.898720561868,149.155470819617,0.0,0.0,66.0,455.0,-54.580557176453,54772.825072790496,4746.0,19167.9418471588
29976,Germany,2020-03-31,81,1498.29568775139,773.017772248701,760.017420272735,298.55850177308497,161.394020243555,0.0,0.0,128.0,583.0,-53.6552197348006,55280.56774719401,4604.0,18932.9173199514
29977,Germany,2020-04-01,81,1656.5545353800599,852.446540485516,837.335758263761,321.660592791806,173.675603415526,0.0,0.0,149.0,732.0,-52.5222555709301,55654.9961723137,5444.0,18615.2969407213
29978,Germany,2020-04-02,81,1815.13887735858,933.10487450211,915.6725593748531,345.069467043668,187.015302682904,0.0,0.0,140.0,872.0,-51.682817594518795,55867.2769018628,6143.0,18225.740215821203
29979,Germany,2020-04-03,81,1967.17489118886,1009.9081253913499,990.045116364196,361.520992432232,196.241432730672,0.0,0.0,145.0,1017.0,-50.9891690373763,55905.685879841905,6164.00000000001,17775.162271786598
29980,Germany,2020-04-04,81,2108.89622337104,1080.8553960558502,1058.44886227803,375.975628946174,204.53914708165902,0.0,0.0,141.0,1158.0,-50.5040079500031,55780.1893260725,6071.99999999999,17274.382788515
29981,Germany,2020-04-05,81,2236.37271469595,1143.85066546522,1118.85865711024,388.24327066159697,210.730901473535,0.0,0.0,184.0,1342.0,-50.286919814875496,55517.502508189005,5926.0,16733.8559869661
29982,Germany,2020-04-06,81,2365.77657183587,1207.9368719405802,1180.26308597511,413.641243685202,223.931958188793,0.0,0.0,92.0,1434.0,-50.3900846121365,55149.7746618871,3669.9999999999895,16163.3871579389
29983,Germany,2020-04-07,81,2473.57215363732,1261.02408425074,1230.69128932795,415.550832685289,225.06276285908402,0.0,0.0,173.0,1607.0,-50.8327251303788,54703.7331419663,3826.0000000000105,15571.9634146093
29984,Germany,2020-04-08,81,2561.43342260047,1303.97886959795,1271.0799398869901,419.575591090454,228.216863551232,0.0,0.0,254.0,1861.0,-51.57374960449489,54195.932757171395,3998.9999999999895,14967.656254003301
29985,Germany,2020-04-09,81,2638.82259442056,1342.00742841606,1306.50063651765,428.462369454393,232.49330835384498,0.0,0.0,246.0,2107.0,-52.506493280298,53635.177732977005,4968.0,14357.5523145967
29986,Germany,2020-04-10,81,2701.53702730173,1372.9416631203399,1334.9069209568902,429.14921883803805,233.584724232119,0.0,0.0,266.0,2373.0,-53.47543495024071,53029.2462359183,5320.00000000003,13747.6791482791
29987,Germany,2020-04-11,81,2749.68529969242,1396.64698830615,1356.26248753509,427.038689026707,232.60449267361,0.0,0.0,171.0,2544.0,-54.2891469325725,52391.8947316178,4122.0,13143.0485554328
29988,Germany,2020-04-12,81,2775.7685163466804,1405.1283442974302,1362.60364065943,424.371701968654,230.634826810896,0.0,0.0,129.0,2673.0,-54.7615311346778,51747.250976462696,2816.9999999999895,12547.713049856498
29989,Germany,2020-04-13,81,2783.64114655912,1410.36461799736,1365.8938588782198,419.487315079524,228.632293943488,0.0,0.0,126.0,2799.0,-54.783960411417894,51130.2477636099,2533.00000000001,11964.8561188031
29990,Germany,2020-04-14,81,2780.2130945931704,1408.35234876444,1362.17684931436,412.188546015062,224.66533418260897,0.0,0.0,170.0,2969.0,-54.3003175526829,50582.6184946793,2076.99999999999,11396.920160932801
29991,Germany,2020-04-15,81,2761.3377676665505,1395.98132293679,1348.41165458619,401.99293897802,218.644276855253,0.0,0.0,285.0,3254.0,-53.316667735774004,50144.93452720861,2483.00000000001,10845.7327161833
29992,Germany,2020-04-16,81,2726.1771172936396,1377.29671742042,1328.60050402723,391.822363090208,213.556827214302,0.0,0.0,314.0,3568.0,-51.939089921775704,49846.6000485515,2860.9999999999895,10312.6118020624
29993,Germany,2020-04-17,81,2682.51406478999,1354.1950033433802,1304.7342496744802,382.24889263445505,208.43643300461997,0.0,0.0,299.0,3867.0,-50.30823456879621,49697.296470667,3373.99999999997,9798.45590192828
29994,Germany,2020-04-18,81,2630.7081765549397,1326.82141796285,1276.79502389312,371.24707002457,202.35831609300098,0.0,0.0,242.0,4109.0,-48.560783818108796,49683.256646924805,3604.00000000003,9303.83173202881
29995,Germany,2020-04-19,81,2565.47638141787,1292.08120669833,1241.83479625188,355.51193265923996,193.19374692427,0.0,0.0,184.0,4293.0,-46.8322610872571,49769.9169267545,2452.00000000003,8829.02840782737
29996,Germany,2020-04-20,81,2496.4873552494396,1256.09278969737,1205.80584183718,345.184894427459,188.07434585812402,0.0,0.0,110.0,4403.0,-43.643208751594,49909.688969605995,1771.9999999999698,8374.1198033362
29997,Germany,2020-04-21,81,2416.81938267352,1215.83628756166,1165.78910267806,325.62228751618596,177.96036141552398,0.0,0.0,194.0,4597.0,-42.2975521812096,50052.0737777904,1780.0,7939.03302669775
29998,Germany,2020-04-22,81,2337.60402297935,1175.21133752621,1125.67406657871,317.151164664382,172.870358318393,0.0,0.0,271.0,4868.0,-41.1030239794365,50153.3578653305,2230.99999999997,7523.58660235011
29999,Germany,2020-04-23,81,2253.02046392368,1131.38364101464,1082.5530351903599,301.975015299063,164.756027720547,0.0,0.0,225.0,5093.0,-40.3745115714948,50184.43083074,2348.00000000003,7127.532358229
30000,Germany,2020-04-24,81,2169.1468552266,1088.3253630124,1040.4038130493,292.362700938329,159.54721467138,0.0,0.0,227.0,5320.0,-39.9691852596842,50136.1223122776,2334.0,6750.565811058721
30001,Germany,2020-04-25,81,2084.4076747795802,1046.0768090393199,999.2362054914939,277.764391713262,151.385272837813,0.0,0.0,179.0,5499.0,-41.4791283617525,50021.892103283,2051.0,6392.33124445193
30002,Germany,2020-04-26,81,1988.80553240529,997.7232882830921,952.0558306829871,255.53074032040402,140.276773187257,0.0,0.0,139.0,5638.0,-41.671815504655704,49877.4643515526,1729.9999999999698,6052.42625099814
30003,Germany,2020-04-27,81,1901.2177385108498,955.229284997476,910.8504932651371,248.427797044588,136.171330896993,0.0,0.0,110.0,5748.0,-41.90736958721529,49756.8945265726,1017.00000000003,5730.408830416501
30004,Germany,2020-04-28,81,1819.08012899,911.6269728314211,868.644901203737,239.54095599756698,130.039964689198,0.0,0.0,163.0,5911.0,-42.506025271636794,49724.3918375388,1143.0,5425.78915124255
30005,Germany,2020-04-29,81,1736.20957715873,869.853274248842,828.396543459512,227.530166806199,123.781128631723,0.0,0.0,202.0,6113.0,-43.1248398368146,49842.168668052596,1302.99999999997,5138.038779616661
30006,Germany,2020-04-30,81,1655.3982514127201,828.074779075723,788.1427750657539,217.520210309277,118.658937831501,0.0,0.0,173.0,6286.0,-43.587046278023,50156.337904236905,1474.0000000000598,4866.58799711569
30007,Germany,2020-05-01,81,1576.0463436956602,788.291033701631,749.9314747664059,206.50279650688998,112.57457071891001,0.0,0.0,193.0,6479.0,-43.7248990192817,50685.0168161362,1637.0,4610.82668358181
30008,Germany,2020-05-02,81,1498.61848629512,751.613562546492,714.706667914181,190.94184647877498,104.518275769131,0.0,0.0,94.0,6573.0,-43.755794725001,51412.908852234505,943.0,4370.105706336551
30009,Germany,2020-05-03,81,1425.20423505547,712.8573957484809,677.497865508936,179.887187663334,98.31817906011258,0.0,0.0,74.0,6647.0,-42.9259084490832,52294.63384676,791.999999999971,4143.73443784244
30010,Germany,2020-05-04,81,1353.92004184931,676.131551683486,642.271138443406,172.923099011549,94.2335173505287,0.0,0.0,43.0,6690.0,-41.477849854859706,53265.42845787651,678.000000000029,3930.9883341776
30011,Germany,2020-05-05,81,1283.61920144886,641.320663026361,609.047740833878,165.023860971205,90.0604696612684,0.0,0.0,139.0,6829.0,-39.8720351718413,54255.396151576904,684.0,3731.11829093459
30012,Germany,2020-05-06,81,1217.14836486791,607.53343103094,576.8145603791249,157.734801380388,85.9687957251254,0.0,0.0,165.0,6994.0,-37.6674226592628,55202.852043407904,947.0,3543.34846933609
30013,Germany,2020-05-07,81,1151.94031479566,574.880846754853,545.605736015631,148.070327035039,80.89463039529271,0.0,0.0,123.0,7117.0,-35.8393232438846,56063.54616455059,1283.99999999997,3366.88395376019
30014,Germany,2020-05-08,81,1090.34746705961,545.308199203046,517.3807207570591,138.635792835832,75.81262528600571,0.0,0.0,147.0,7264.0,-34.2251059348165,56813.568945925304,1208.0,3200.92639016177
30015,Germany,2020-05-09,81,1036.35245912635,518.738237070339,492.179508656969,132.758727202643,72.70581105455,0.0,0.0,103.0,7367.0,-32.448790207494,57444.9296211241,1248.99999999997,3044.6877242455394
30016,Germany,2020-05-10,81,985.6258483471549,493.180339116121,467.977684515085,126.94680887955799,69.6144329427753,0.0,0.0,26.0,7393.0,-31.328662975566804,57954.874018381604,665.000000000029,2897.4014802320803
30017,Germany,2020-05-11,81,932.814646921491,466.641189341382,442.75893633070604,117.764481861972,64.5008149144586,0.0,0.0,22.0,7415.0,-29.619866946149603,58333.6002056967,358.0,2758.3356043464696
30018,Germany,2020-05-12,81,884.278651545281,442.25713062256796,419.579581779693,114.060513146803,62.397069912908705,0.0,0.0,116.0,7531.0,-29.046581477687003,58557.4773663181,750.999999999971,2626.80823274745
30019,Germany,2020-05-13,81,835.1995286911659,417.97436678017095,396.381541073001,105.22564065898001,57.3761739891043,0.0,0.0,101.0,7632.0,-28.3353292707596,58593.2613039409,796.000000000029,2502.2007769821203
30020,Germany,2020-05-14,81,789.646777414162,395.667321552287,375.173556865469,99.0734737122527,54.267525491025104,0.0,0.0,89.0,7721.0,-28.532682979440303,58412.7968449496,931.0,2383.9654581318
30021,Germany,2020-05-15,81,746.416198135782,373.413658031752,353.98691983401,93.9443633321915,51.26561224859589,0.0,0.0,101.0,7822.0,-28.328610342741104,58010.9258037167,911.0,2271.629127351
30022,Germany,2020-05-16,81,704.6603153665781,352.221697876165,333.823388509384,89.38390315225278,49.123218904526,0.0,0.0,57.0,7879.0,-29.5918627434589,57417.1405712787,620.0,2164.79529098988
30023,Germany,2020-05-17,81,667.597404592093,334.082439413163,316.668469082839,86.1676619474695,47.09325888752629,0.0,0.0,33.0,7912.0,-29.790251809987897,56695.316426381396,581.999999999971,2063.1387745442803
30024,Germany,2020-05-18,81,634.72248556526,317.044659588326,300.506260511393,84.19760806302399,46.02268983643211,0.0,0.0,21.0,7933.0,-30.4110093392019,55932.586539774406,341.000000000058,1966.39153498624
30025,Germany,2020-05-19,81,602.628158333544,302.02786594086604,286.360087133996,78.219849435622,42.952002077665206,0.0,0.0,74.0,8007.0,-31.07629533037,55222.321873638895,512.999999999971,1874.3326341674697
30026,Germany,2020-05-20,81,572.321581910066,287.062816638964,272.237246505984,73.1130243910888,39.9295810933906,0.0,0.0,83.0,8090.0,-31.8109320950138,54646.4074023037,796.000000000029,1786.7800180879199
30027,Germany,2020-05-21,81,546.015058127133,274.183092683671,260.126547612235,70.9082083923215,38.9339013307126,0.0,0.0,57.0,8147.0,-32.4414016384925,54260.1658591157,743.999999999971,1703.58233926082
30028,Germany,2020-05-22,81,518.597135960127,260.322536490152,247.01197220610902,65.5632209900222,35.8442548610316,0.0,0.0,27.0,8174.0,-32.7618424958646,54082.441980127405,460.000000000029,1624.6110565678198
30029,Germany,2020-05-23,81,495.29048114888604,248.517056177672,235.882137380911,65.0940419884725,35.8109526302945,0.0,0.0,42.0,8216.0,-32.662250517146504,54092.518765860594,636.0,1549.7564355622
30030,Germany,2020-05-24,81,468.944017642729,234.799564602498,222.789541446733,59.786247743214,32.7843233392854,0.0,0.0,31.0,8247.0,-31.9986724331849,54234.548517073796,429.999999999971,1478.92277178879
30031,Germany,2020-05-25,81,443.339751001578,222.10702715155497,210.69328798570302,56.4720653771667,30.7045324619653,0.0,0.0,10.0,8257.0,-30.8407638653796,54428.3397076394,288.999999999971,1412.0235558855302
30032,Germany,2020-05-26,81,422.35711103030997,211.45040080100898,200.617474080993,55.097765657871506,29.719547638558602,0.0,0.0,44.0,8301.0,-29.5021767243469,54584.5269375005,432.000000000058,1348.977923331
30033,Germany,2020-05-27,81,402.098917031476,200.83258322195098,190.542916723997,52.660310704736396,28.6497079119668,0.0,0.0,47.0,8348.0,-28.091070318664304,54621.6506329132,361.999999999942,1289.70879863652
30034,Germany,2020-05-28,81,384.04768124018204,192.199064689696,182.47189625052897,50.57446417620051,27.6310937163413,0.0,0.0,63.0,8411.0,-26.7851790744684,54482.3659482018,353.000000000058,1234.14288969633
30035,Germany,2020-05-29,81,364.864579114513,181.687168505123,172.400521880463,47.0726563152963,25.6113227199529,0.0,0.0,39.0,8450.0,-25.6509606898436,54144.73305521019,1111.99999999997,1182.21134437514
30036,Germany,2020-05-30,81,348.977438842264,174.16950077164398,165.314934443584,46.863528066769,25.5755911540472,0.0,0.0,39.0,8489.0,-25.008470225970804,53624.7815444996,738.000000000029,1133.84954178384
30037,Germany,2020-05-31,81,335.347215494782,167.711346806419,159.267250401701,44.77384197479079,24.5645358712065,0.0,0.0,11.0,8500.0,-24.652003508720302,52969.1131571101,285.999999999971,1088.99750480682
30038,Germany,2020-06-01,81,316.80652174474096,158.282101167301,150.21743719564302,37.5658901593805,20.5227564385477,0.0,0.0,11.0,8511.0,-24.626456590557606,52240.754114219104,333.0,1047.5984207807198
30039,Germany,2020-06-02,81,297.75798281403803,148.872550005851,141.159396554366,35.561122911741705,19.5200299319403,0.0,0.0,11.0,8522.0,-24.8350943920637,51503.7189743944,213.000000000029,1009.5977423741301
30040,Germany,2020-06-03,81,279.366832986054,139.43541089795602,132.10610271516398,33.7878286102314,18.497762222817602,0.0,0.0,29.0,8551.0,-25.2309040196285,50810.98585485519,341.999999999971,974.9426557168609
30041,Germany,2020-06-04,81,263.99695796082995,131.999670205079,125.046644222852,33.6627431162018,18.4085141681547,0.0,0.0,30.0,8581.0,-25.582557713923002,50197.9614523994,394.0,943.580121845284
30042,Germany,2020-06-05,81,248.31511653055802,123.58097508934601,117.002236999151,31.8200605241422,17.3922575145615,0.0,0.0,32.0,8613.0,-25.915539224685503,49681.99178453191,507.000000000029,915.45344843105
30043,Germany,2020-06-06,81,230.29745958757005,114.175964381499,107.94786746285999,28.256422285231103,15.380312631438901,0.0,0.0,33.0,8646.0,-26.099816825398303,49267.656307195306,406.999999999971,890.499471082267
30044,Germany,2020-06-07,81,217.29016836746,108.81828672383301,102.897676267515,28.2016898625755,15.3468548042987,0.0,0.0,22.0,8668.0,-26.3488277871565,48956.3510960409,300.999999999971,868.643464841257
30045,Germany,2020-06-08,81,208.200454439025,104.44142338793002,98.85304443910921,27.911916923822698,15.342684302655499,0.0,0.0,6.0,8674.0,-26.5879085598571,48756.2483064742,214.00000000005798,849.791734410522
30046,Germany,2020-06-09,81,199.394035608041,100.094284098405,94.8172814906756,26.173399196490603,14.3025686224422,0.0,0.0,38.0,8712.0,-26.809278900535897,48687.254393042,349.999999999942,833.826575840818
30047,Germany,2020-06-10,81,189.69280497997,94.7734393844202,89.7782187018735,24.4906086900071,13.3092490023564,0.0,0.0,18.0,8730.0,-26.9619040671384,48777.384948547806,320.000000000029,820.601512631118
30048,Germany,2020-06-11,81,179.141637113927,89.47531281403921,84.7310259068889,22.4692529078249,12.313196149572,0.0,0.0,26.0,8756.0,-27.072782519584997,49051.90368861981,554.0,809.9405672279499
30049,Germany,2020-06-12,81,169.645974957817,85.19076943365371,80.7020714549984,20.701261703935,11.291047773661699,0.0,0.0,7.0,8763.0,-26.8649380351446,49521.405811666904,258.0,801.639394743458
30050,Germany,2020-06-13,81,159.842831772484,79.8895396753058,75.6597597497832,18.8004183894236,10.2623061128586,0.0,0.0,18.0,8781.0,-26.3170418375982,50175.925002548895,393.0,795.4412623360139
30051,Germany,2020-06-14,81,150.059798326171,74.6110028404688,70.6221086209542,18.7395011302466,10.244219603710699,0.0,0.0,6.0,8787.0,-25.5781221508102,50988.5594606358,246.999999999971,791.0353306436419
30052,Germany,2020-06-15,81,139.856091251073,69.3143020938169,65.5880567531497,17.0063364191064,9.223329185288401,0.0,0.0,4.0,6495.0,-24.546899379253503,51926.1640808145,0.0,788.0847305559199
30053,Germany,2020-06-16,81,131.19190916846702,65.02566907367661,61.544790351616,16.7937604942701,9.20912920267727,0.0,0.0,9.0,8800.0,-23.436753198255897,52960.472532241794,45792.0,786.2279071181109
30054,Germany,2020-06-17,81,124.34964113529199,61.82780796014271,58.517247378399894,16.949570415179902,9.21065305462082,0.0,0.0,30.0,8830.0,-22.222022692604497,54073.0141640951,345.0,785.134653639947
30055,Germany,2020-06-18,81,117.439486349053,58.618604078236,55.4822577353675,14.8376349564221,8.183053632654751,0.0,0.0,26.0,8856.0,-21.0281983586936,55251.596460677996,580.0,784.551881600179
30056,Germany,2020-06-19,81,112.181186538582,56.4279920399904,53.4583629844055,14.739662640116197,8.189700593193361,0.0,0.0,16.0,8872.0,-19.777140127846998,56481.6344238368,760.000000000029,784.279766232662
30057,Germany,2020-06-20,81,108.047802957483,54.274077323910205,51.4463687989556,14.955667828465,8.192940088218451,0.0,0.0,11.0,8883.0,-18.6927112740942,57738.7717451688,610.999999999971,784.173036626667
30058,Germany,2020-06-21,81,105.266919851661,53.0876798688154,50.4130637471661,15.156479137958698,8.156286847560759,0.0,0.0,-1.0,6219.0,-17.6977374859183,58988.0673045108,0.0,784.1435066978349
30059,Germany,2020-06-22,81,103.08287487915399,51.95604210245379,49.389140252398995,15.0314953285062,8.17093085608062,0.0,0.0,3.0,6652.0,-16.9713465561923,60190.438010473,10103.0,785.567554145863
30060,Germany,2020-06-23,81,101.14488387736701,50.801175361991795,48.3641723627121,15.0463815307285,8.154382261894451,0.0,0.0,10.0,8415.0,-16.5266286272042,61311.8175744188,34175.0,788.7085031352741
30061,Germany,2020-06-24,81,100.117938437487,50.654229532580395,48.349656865301,15.0765396913802,8.16625032016058,0.0,0.0,19.0,8914.0,-16.3418024191777,62328.2856309069,11165.0,793.6001625784891
30062,Germany,2020-06-25,81,100.160172537615,50.5310809466935,48.33065090979711,15.0662665116445,8.167899187774731,0.0,0.0,13.0,8619.0,-16.3696044788426,63223.413749344596,0.0,799.884357086695
30063,Germany,2020-06-26,81,100.507103709642,50.4359415254293,48.321668972350295,15.2182315785049,8.16716669159444,0.0,0.0,21.0,8948.0,-16.5530439948444,63642.1118536449,7305.0,808.78431594142
30064,Germany,2020-06-27,81,98.3960068349049,49.36311652498261,47.3106168673475,12.9994376941901,7.17139460326395,0.0,0.0,6.0,8954.0,-16.8326075637702,64060.809957945195,687.000000000029,816.885926875161
30065,Germany,2020-06-28,81,96.192580452322,48.3048254669178,46.300618453712595,13.0999985847872,7.16503812722365,0.0,0.0,3.0,6647.0,-17.156845967486802,64479.5080622455,0.0,826.712129579217
30066,Germany,2020-06-29,81,94.1293484536447,47.2640935588964,45.298330846978104,13.0914119157159,7.16839729465581,0.0,0.0,4.0,6679.0,-17.4901728495653,64898.2061665458,548.999999999942,836.357180993963
30067,Germany,2020-06-30,81,92.32013386577299,46.1879021810749,44.289079407649496,13.332306364120901,7.13446167679929,0.0,0.0,12.0,8973.0,-17.8076444604902,65316.904270846106,46383.0,845.442767966341
30068,Germany,2020-07-01,81,90.35614374307751,45.1438593359513,43.2848958513537,13.185374569131401,7.139010787531179,0.0,0.0,12.0,8985.0,-18.072359256231397,65735.6023751464,466.0,854.000530072224
30069,Germany,2020-07-02,81,88.5233338967362,44.1021579425906,42.2783816809481,13.291747723368001,7.147999199832681,0.0,0.0,9.0,8994.0,-18.2495156910012,66154.3004794467,503.0,861.610036361117
30070,Germany,2020-07-03,81,87.2587052320315,44.0515316154047,42.2749992295544,12.9943348218216,7.142313761032571,0.0,0.0,9.0,9003.0,-18.3248320993753,66572.9985837469,446.000000000029,867.420018211187
30071,Germany,2020-07-04,81,87.52778518836679,44.0472104092416,42.2768211001245,13.344709028347001,7.15196564139765,0.0,0.0,7.0,9010.0,-18.300291795365396,66991.6966880472,422.0,871.820035209628
30072,Germany,2020-07-05,81,87.46946145772439,44.0149455444109,42.2781949261995,13.0857176992684,7.138665991249889,0.0,0.0,2.0,6777.0,,67410.3947923475,0.0,875.451879590977
30073,Germany,2020-07-06,81,87.34164621559641,44.0008039361997,42.2836066114914,13.0052980669485,7.14024065368326,0.0,0.0,4.0,6955.0,,67829.0928966479,3023.9999999999395,878.168466136588
30074,Germany,2020-07-07,81,88.039285755043,44.4740128686458,42.774873485364,14.0805722307534,7.6394592526067004,0.0,0.0,8.0,9024.0,,68247.7910009482,41655.0,880.538612389297
30075,Germany,2020-07-08,81,89.24362287912041,45.0604025925657,43.3836005284404,14.3940328993719,7.7542889116946,0.0,0.0,12.0,9036.0,,68666.48910524849,396.999999999971,883.066115839096
30076,Germany,2020-07-09,81,90.26736673616631,45.7543896875184,44.0946306598286,14.3477564452446,7.86115378654713,0.0,0.0,12.0,9048.0,,69085.1872095487,441.999999999971,885.9048349980321
30077,Germany,2020-07-10,81,91.95640717828779,46.586634636244405,44.9473500011512,14.697516872154301,8.00363955198998,0.0,0.0,6.0,9054.0,,69503.88531384901,395.000000000029,888.2440383103869
30078,Germany,2020-07-11,81,93.6376010886216,47.588482896893304,45.9422471861558,15.0486940062346,8.16688638787253,0.0,0.0,6.0,9060.0,,69922.5834181493,378.000000000058,889.9755476624989
30079,Germany,2020-07-12,81,95.6484116538218,48.7352937112037,47.090484286555395,15.119138540548699,8.3152081089662,0.0,0.0,9.273200169768971,9030.91022729231,,70341.2815224497,,891.4586030862899
30080,Germany,2020-07-13,81,97.84728075487891,49.570712001122395,47.9138582958364,15.719180073053,8.46587996671801,0.0,0.0,9.36698031941381,9040.27720761172,,70759.9796267499,,892.677018173781
30081,Germany,2020-07-14,81,99.2338081881526,50.45853031541039,48.7698441357146,15.599854715301001,8.63582910181923,0.0,0.0,9.466604498497349,9049.74381211022,,71178.6777310502,,893.619195703769
